Position,Name + ID,Name,ID,Roster Position,Salary,Game Info,TeamAbbrev,AvgPointsPerGame
SP,Blake Snell (11121148),Blake Snell,11121148,P,11500,KC@TB 08/23/2018 07:10PM ET,TB,22.67
SP,Mike Foltynewicz (11121149),Mike Foltynewicz,11121149,P,11100,ATL@MIA 08/23/2018 07:10PM ET,ATL,20.75
SP,Jose Berrios (11121150),Jose Berrios,11121150,P,10900,OAK@MIN 08/23/2018 08:10PM ET,MIN,18.71
SP,Cole Hamels (11120905),Cole Hamels,11120905,P,10400,CIN@CHC 08/23/2018 08:05PM ET,CHC,15.80
SP,Trevor Cahill (11120906),Trevor Cahill,11120906,P,9200,OAK@MIN 08/23/2018 08:10PM ET,OAK,17.91
SP,Kyle Gibson (11121151),Kyle Gibson,11121151,P,9000,OAK@MIN 08/23/2018 08:10PM ET,MIN,16.52
SP,Yu Darvish (11121152),Yu Darvish,11121152,P,8600,CIN@CHC 08/23/2018 08:05PM ET,CHC,13.92
SP,Kyle Hendricks (11121153),Kyle Hendricks,11121153,P,8600,CIN@CHC 08/23/2018 08:05PM ET,CHC,14.47
SP,Tyler Glasnow (11120907),Tyler Glasnow,11120907,P,8400,KC@TB 08/23/2018 07:10PM ET,TB,6.26
SP,Jon Lester (11121154),Jon Lester,11121154,P,8200,CIN@CHC 08/23/2018 08:05PM ET,CHC,13.54
SP,Mike Fiers (11121155),Mike Fiers,11121155,P,8200,OAK@MIN 08/23/2018 08:10PM ET,OAK,15.17
SP,Julio Teheran (11121156),Julio Teheran,11121156,P,8100,ATL@MIA 08/23/2018 07:10PM ET,ATL,15.15
SP,Anthony DeSclafani (11120908),Anthony DeSclafani,11120908,P,8000,CIN@CHC 08/23/2018 08:05PM ET,CIN,15.22
SP,Edwin Jackson (11121157),Edwin Jackson,11121157,P,8000,OAK@MIN 08/23/2018 08:10PM ET,OAK,14.80
SP,Anibal Sanchez (11121158),Anibal Sanchez,11121158,P,8000,ATL@MIA 08/23/2018 07:10PM ET,ATL,17.02
SP,Sean Newcomb (11120909),Sean Newcomb,11120909,P,7800,ATL@MIA 08/23/2018 07:10PM ET,ATL,15.48
SP,Luis Castillo (11121159),Luis Castillo,11121159,P,7600,CIN@CHC 08/23/2018 08:05PM ET,CIN,13.46
RP,Mike Montgomery (11121160),Mike Montgomery,11121160,P,7300,CIN@CHC 08/23/2018 08:05PM ET,CHC,6.04
SP,Jakob Junis (11121161),Jakob Junis,11121161,P,7200,KC@TB 08/23/2018 07:10PM ET,KC,14.01
SP,Fernando Romero (11121163),Fernando Romero,11121163,P,7100,OAK@MIN 08/23/2018 08:10PM ET,MIN,10.70
SP,Kevin Gausman (11121162),Kevin Gausman,11121162,P,7100,ATL@MIA 08/23/2018 07:10PM ET,ATL,13.77
SP,Jose Quintana (11121165),Jose Quintana,11121165,P,7000,CIN@CHC 08/23/2018 08:05PM ET,CHC,13.60
SP,Ervin Santana (11121164),Ervin Santana,11121164,P,7000,OAK@MIN 08/23/2018 08:10PM ET,MIN,3.66
RP,Max Fried (11121166),Max Fried,11121166,P,7000,ATL@MIA 08/23/2018 07:10PM ET,ATL,9.59
SP,Ryan Yarbrough (11121168),Ryan Yarbrough,11121168,P,6900,KC@TB 08/23/2018 07:10PM ET,TB,10.79
SP,Wei-Yin Chen (11121167),Wei-Yin Chen,11121167,P,6900,ATL@MIA 08/23/2018 07:10PM ET,MIA,9.16
SP,Caleb Smith (11121169),Caleb Smith,11121169,P,6900,ATL@MIA 08/23/2018 07:10PM ET,MIA,14.91
SP,Mike Soroka (11121170),Mike Soroka,11121170,P,6900,ATL@MIA 08/23/2018 07:10PM ET,ATL,13.11
SP,Touki Toussaint (11121171),Touki Toussaint,11121171,P,6800,ATL@MIA 08/23/2018 07:10PM ET,ATL,20.5
SP,Jake Odorizzi (11121172),Jake Odorizzi,11121172,P,6700,OAK@MIN 08/23/2018 08:10PM ET,MIN,12.64
SP,Andrew Triggs (11121173),Andrew Triggs,11121173,P,6700,OAK@MIN 08/23/2018 08:10PM ET,OAK,12.02
SP,Matt Harvey (11121174),Matt Harvey,11121174,P,6500,CIN@CHC 08/23/2018 08:05PM ET,CIN,9.75
SP,Daniel Mengden (11121175),Daniel Mengden,11121175,P,6500,OAK@MIN 08/23/2018 08:10PM ET,OAK,11.76
SP,Danny Duffy (11120910),Danny Duffy,11120910,P,6400,KC@TB 08/23/2018 07:10PM ET,KC,12.84
SP,Luiz Gohara (11121176),Luiz Gohara,11121176,P,6400,ATL@MIA 08/23/2018 07:10PM ET,ATL,4.43
RP,Jorge De La Rosa (11121178),Jorge De La Rosa,11121178,P,6300,CIN@CHC 08/23/2018 08:05PM ET,CHC,1.78
SP,Tyler Chatwood (11121180),Tyler Chatwood,11121180,P,6300,CIN@CHC 08/23/2018 08:05PM ET,CHC,7.62
SP,Nate Karns (11121179),Nate Karns,11121179,P,6300,KC@TB 08/23/2018 07:10PM ET,KC,0
SP,Jharel Cotton (11121181),Jharel Cotton,11121181,P,6300,OAK@MIN 08/23/2018 08:10PM ET,OAK,0
SP,Sean Manaea (11121182),Sean Manaea,11121182,P,6300,OAK@MIN 08/23/2018 08:10PM ET,OAK,14.82
SP,Brandon McCarthy (11121177),Brandon McCarthy,11121177,P,6300,ATL@MIA 08/23/2018 07:10PM ET,ATL,11.73
SP,Kolby Allard (11121183),Kolby Allard,11121183,P,6300,ATL@MIA 08/23/2018 07:10PM ET,ATL,-2.8
SP,Ian Kennedy (11121184),Ian Kennedy,11121184,P,6100,KC@TB 08/23/2018 07:10PM ET,KC,11.16
SP,Jake Faria (11121185),Jake Faria,11121185,P,6100,KC@TB 08/23/2018 07:10PM ET,TB,9.74
SP,Brad Keller (11121186),Brad Keller,11121186,P,6100,KC@TB 08/23/2018 07:10PM ET,KC,6.57
SP,Tyler Mahle (11121188),Tyler Mahle,11121188,P,6000,CIN@CHC 08/23/2018 08:05PM ET,CIN,11.28
SP,Jose Urena (11121187),Jose Urena,11121187,P,6000,ATL@MIA 08/23/2018 07:10PM ET,MIA,11.5
SP,Michael Pineda (11121189),Michael Pineda,11121189,P,5900,OAK@MIN 08/23/2018 08:10PM ET,MIN,0
SP,Drew Smyly (11121190),Drew Smyly,11121190,P,5800,CIN@CHC 08/23/2018 08:05PM ET,CHC,0
SP,Jose De Leon (11121191),Jose De Leon,11121191,P,5800,KC@TB 08/23/2018 07:10PM ET,TB,0
SP,Trevor Richards (11121192),Trevor Richards,11121192,P,5800,ATL@MIA 08/23/2018 07:10PM ET,MIA,13.01
RP,Heath Fillmyer (11121194),Heath Fillmyer,11121194,P,5700,KC@TB 08/23/2018 07:10PM ET,KC,6.66
OF,Khris Davis (11120913),Khris Davis,11120913,OF,5700,OAK@MIN 08/23/2018 08:10PM ET,OAK,9.66
SP,Brett Anderson (11121193),Brett Anderson,11121193,P,5700,OAK@MIN 08/23/2018 08:10PM ET,OAK,10.39
SP,Dan Straily (11120911),Dan Straily,11120911,P,5600,ATL@MIA 08/23/2018 07:10PM ET,MIA,10.25
OF,Ronald Acuna Jr. (11120914),Ronald Acuna Jr.,11120914,OF,5600,ATL@MIA 08/23/2018 07:10PM ET,ATL,9.87
SP,Scott Kazmir (11121195),Scott Kazmir,11121195,P,5600,ATL@MIA 08/23/2018 07:10PM ET,ATL,0
SP,Anthony Banda (11121196),Anthony Banda,11121196,P,5500,KC@TB 08/23/2018 07:10PM ET,TB,12
RP,Amir Garrett (11121198),Amir Garrett,11121198,P,5400,CIN@CHC 08/23/2018 08:05PM ET,CIN,2.90
RP,Lucas Sims (11121199),Lucas Sims,11121199,P,5400,CIN@CHC 08/23/2018 08:05PM ET,CIN,2.11
SP,Frankie Montas (11121197),Frankie Montas,11121197,P,5400,OAK@MIN 08/23/2018 08:10PM ET,OAK,12.82
SP,Stephen Gonsalves (11121200),Stephen Gonsalves,11121200,P,5400,OAK@MIN 08/23/2018 08:10PM ET,MIN,-4.4
SP,Yonny Chirinos (11121202),Yonny Chirinos,11121202,P,5300,KC@TB 08/23/2018 07:10PM ET,TB,11.33
SP,Chris Bassitt (11121201),Chris Bassitt,11121201,P,5300,OAK@MIN 08/23/2018 08:10PM ET,OAK,13.27
SP,Ricky Nolasco (11121203),Ricky Nolasco,11121203,P,5200,KC@TB 08/23/2018 07:10PM ET,KC,0
RP,Wilmer Font (11121204),Wilmer Font,11121204,P,5200,KC@TB 08/23/2018 07:10PM ET,TB,4.38
SP,Jorge Lopez (11121205),Jorge Lopez,11121205,P,5200,KC@TB 08/23/2018 07:10PM ET,KC,4.43
RP,Jaime Schultz (11121206),Jaime Schultz,11121206,P,5200,KC@TB 08/23/2018 07:10PM ET,TB,4.99
SP,Brent Honeywell (11121207),Brent Honeywell,11121207,P,5200,KC@TB 08/23/2018 07:10PM ET,TB,0
SP,Brandon Finnegan (11121209),Brandon Finnegan,11121209,P,5100,CIN@CHC 08/23/2018 08:05PM ET,CIN,3.06
SP,Jason Hammel (11121208),Jason Hammel,11121208,P,5100,KC@TB 08/23/2018 07:10PM ET,KC,5.48
SP,Pablo Lopez (11121210),Pablo Lopez,11121210,P,5100,ATL@MIA 08/23/2018 07:10PM ET,MIA,10.82
RP,Merandy Gonzalez (11121211),Merandy Gonzalez,11121211,P,5100,ATL@MIA 08/23/2018 07:10PM ET,MIA,5.51
RP,Adalberto Mejia (11121214),Adalberto Mejia,11121214,P,5000,OAK@MIN 08/23/2018 08:10PM ET,MIN,11.49
SP,Daniel Gossett (11121216),Daniel Gossett,11121216,P,5000,OAK@MIN 08/23/2018 08:10PM ET,OAK,6.07
1B,Freddie Freeman (11120915),Freddie Freeman,11120915,1B,5000,ATL@MIA 08/23/2018 07:10PM ET,ATL,9.38
RP,Grant Dayton (11121212),Grant Dayton,11121212,P,5000,ATL@MIA 08/23/2018 07:10PM ET,ATL,0
SP,Aaron Blair (11121213),Aaron Blair,11121213,P,5000,ATL@MIA 08/23/2018 07:10PM ET,ATL,0
RP,Jarlin Garcia (11121215),Jarlin Garcia,11121215,P,5000,ATL@MIA 08/23/2018 07:10PM ET,MIA,5.36
SP,Dillon Peters (11121217),Dillon Peters,11121217,P,5000,ATL@MIA 08/23/2018 07:10PM ET,MIA,4.32
SP,Justin Nicolino (11121218),Justin Nicolino,11121218,P,4900,CIN@CHC 08/23/2018 08:05PM ET,CIN,0
SP,Rookie Davis (11121219),Rookie Davis,11121219,P,4900,CIN@CHC 08/23/2018 08:05PM ET,CIN,0
SP,Matt Wisler (11121220),Matt Wisler,11121220,P,4900,CIN@CHC 08/23/2018 08:05PM ET,CIN,7.57
2B,Jed Lowrie (11120916),Jed Lowrie,11120916,2B,4900,OAK@MIN 08/23/2018 08:10PM ET,OAK,7.92
SP,A.J. Puk (11121221),A.J. Puk,11121221,P,4900,OAK@MIN 08/23/2018 08:10PM ET,OAK,0
3B,Eugenio Suarez (11120917),Eugenio Suarez,11120917,3B,4800,CIN@CHC 08/23/2018 08:05PM ET,CIN,9.61
SP,Sal Romano (11121223),Sal Romano,11121223,P,4800,CIN@CHC 08/23/2018 08:05PM ET,CIN,8.96
RP,Luke Farrell (11121225),Luke Farrell,11121225,P,4800,CIN@CHC 08/23/2018 08:05PM ET,CHC,4.82
SP,Eric Skoglund (11121222),Eric Skoglund,11121222,P,4800,KC@TB 08/23/2018 07:10PM ET,KC,8.37
SP,Kendall Graveman (11121224),Kendall Graveman,11121224,P,4800,OAK@MIN 08/23/2018 08:10PM ET,OAK,6.06
SP,Aaron Slegers (11121226),Aaron Slegers,11121226,P,4800,OAK@MIN 08/23/2018 08:10PM ET,MIN,5.03
1B,Anthony Rizzo (11120918),Anthony Rizzo,11120918,1B,4700,CIN@CHC 08/23/2018 08:05PM ET,CHC,8.37
2B/SS,Javier Baez (11120919),Javier Baez,11120919,2B/SS,4700,CIN@CHC 08/23/2018 08:05PM ET,CHC,9.54
SP,Jen-Ho Tseng (11121228),Jen-Ho Tseng,11121228,P,4700,CIN@CHC 08/23/2018 08:05PM ET,CHC,2.1
SP,Burch Smith (11121227),Burch Smith,11121227,P,4700,KC@TB 08/23/2018 07:10PM ET,KC,3.84
SP,Cody Reed (11121229),Cody Reed,11121229,P,4600,CIN@CHC 08/23/2018 08:05PM ET,CIN,2.82
SS,Marcus Semien (11120921),Marcus Semien,11120921,SS,4600,OAK@MIN 08/23/2018 08:10PM ET,OAK,7.56
3B,Matt Chapman (11120922),Matt Chapman,11120922,3B,4600,OAK@MIN 08/23/2018 08:10PM ET,OAK,8.12
SP,Sandy Alcantara (11121230),Sandy Alcantara,11121230,P,4600,ATL@MIA 08/23/2018 07:10PM ET,MIA,12.45
3B,Kris Bryant (11120924),Kris Bryant,11120924,3B,4500,CIN@CHC 08/23/2018 08:05PM ET,CHC,8.95
SP,Jalen Beeks (11121232),Jalen Beeks,11121232,P,4500,KC@TB 08/23/2018 07:10PM ET,TB,7.24
SP,Josh Staumont (11121234),Josh Staumont,11121234,P,4500,KC@TB 08/23/2018 07:10PM ET,KC,0
SP,Grant Holmes (11121233),Grant Holmes,11121233,P,4500,OAK@MIN 08/23/2018 08:10PM ET,OAK,0
C,J.T. Realmuto (11120923),J.T. Realmuto,11120923,C,4500,ATL@MIA 08/23/2018 07:10PM ET,MIA,8.45
2B,Ozzie Albies (11120925),Ozzie Albies,11120925,2B,4500,ATL@MIA 08/23/2018 07:10PM ET,ATL,8.66
SP,Adam Conley (11121231),Adam Conley,11121231,P,4500,ATL@MIA 08/23/2018 07:10PM ET,MIA,2.97
2B/OF,Ben Zobrist (11120926),Ben Zobrist,11120926,2B/OF,4400,CIN@CHC 08/23/2018 08:05PM ET,CHC,7.04
RP,Jesse Chavez (11121235),Jesse Chavez,11121235,P,4400,CIN@CHC 08/23/2018 08:05PM ET,CHC,5.17
SP,Williams Perez (11121236),Williams Perez,11121236,P,4400,CIN@CHC 08/23/2018 08:05PM ET,CHC,0
RP,Glenn Sparkman (11121238),Glenn Sparkman,11121238,P,4400,KC@TB 08/23/2018 07:10PM ET,KC,4.48
SP,Paul Blackburn (11121237),Paul Blackburn,11121237,P,4400,OAK@MIN 08/23/2018 08:10PM ET,OAK,6.61
2B,Scooter Gennett (11120928),Scooter Gennett,11120928,2B,4300,CIN@CHC 08/23/2018 08:05PM ET,CIN,8.23
SS,Jose Peraza (11120933),Jose Peraza,11120933,SS,4300,CIN@CHC 08/23/2018 08:05PM ET,CIN,7.57
SP,Homer Bailey (11121239),Homer Bailey,11121239,P,4300,CIN@CHC 08/23/2018 08:05PM ET,CIN,7.29
RP,Jackson Stephens (11121242),Jackson Stephens,11121242,P,4300,CIN@CHC 08/23/2018 08:05PM ET,CIN,3.17
RP,Hunter Wood (11121243),Hunter Wood,11121243,P,4300,KC@TB 08/23/2018 07:10PM ET,TB,4.07
RP,Austin Pruitt (11121244),Austin Pruitt,11121244,P,4300,KC@TB 08/23/2018 07:10PM ET,TB,5.47
OF,Eddie Rosario (11120929),Eddie Rosario,11120929,OF,4300,OAK@MIN 08/23/2018 08:10PM ET,MIN,8.56
1B,Matt Olson (11120930),Matt Olson,11120930,1B,4300,OAK@MIN 08/23/2018 08:10PM ET,OAK,7.22
SP,Jeff Locke (11121240),Jeff Locke,11121240,P,4300,ATL@MIA 08/23/2018 07:10PM ET,MIA,0
RP,Dan Winkler (11121241),Dan Winkler,11121241,P,4300,ATL@MIA 08/23/2018 07:10PM ET,ATL,3.38
1B,Joey Votto (11120931),Joey Votto,11120931,1B,4200,CIN@CHC 08/23/2018 08:05PM ET,CIN,7.61
OF,Kyle Schwarber (11120934),Kyle Schwarber,11120934,OF,4200,CIN@CHC 08/23/2018 08:05PM ET,CHC,7.24
SP,Trevor Clifton (11121247),Trevor Clifton,11121247,P,4200,CIN@CHC 08/23/2018 08:05PM ET,CHC,0
1B,C.J. Cron (11120932),C.J. Cron,11120932,1B,4200,KC@TB 08/23/2018 07:10PM ET,TB,7.46
2B/SS,Willy Adames (11120944),Willy Adames,11120944,2B/SS,4200,KC@TB 08/23/2018 07:10PM ET,TB,6.32
RP,Ryne Stanek (11121245),Ryne Stanek,11121245,P,4200,KC@TB 08/23/2018 07:10PM ET,TB,4.34
SP,Dietrich Enns (11121246),Dietrich Enns,11121246,P,4200,OAK@MIN 08/23/2018 08:10PM ET,MIN,0
1B/2B,Daniel Murphy (11120936),Daniel Murphy,11120936,1B/2B,4100,CIN@CHC 08/23/2018 08:05PM ET,CHC,6.39
SP,Robert Stephenson (11121250),Robert Stephenson,11121250,P,4100,CIN@CHC 08/23/2018 08:05PM ET,CIN,3.47
2B/OF,Whit Merrifield (11120940),Whit Merrifield,11120940,2B/OF,4100,KC@TB 08/23/2018 07:10PM ET,KC,8.32
2B,Joey Wendle (11120942),Joey Wendle,11120942,2B,4100,KC@TB 08/23/2018 07:10PM ET,TB,6.54
OF,Austin Meadows (11120946),Austin Meadows,11120946,OF,4100,KC@TB 08/23/2018 07:10PM ET,TB,5.96
SP,Jesse Hahn (11121248),Jesse Hahn,11121248,P,4100,KC@TB 08/23/2018 07:10PM ET,KC,0
RP,Andrew Kittredge (11121249),Andrew Kittredge,11121249,P,4100,KC@TB 08/23/2018 07:10PM ET,TB,1.11
SP,Kohl Stewart (11120912),Kohl Stewart,11120912,P,4100,OAK@MIN 08/23/2018 08:10PM ET,MIN,-0.52
OF,Nick Markakis (11120935),Nick Markakis,11120935,OF,4100,ATL@MIA 08/23/2018 07:10PM ET,ATL,8.39
3B/OF,Charlie Culberson (11120938),Charlie Culberson,11120938,3B/OF,4100,ATL@MIA 08/23/2018 07:10PM ET,ATL,5.76
SS,Dansby Swanson (11120943),Dansby Swanson,11120943,SS,4100,ATL@MIA 08/23/2018 07:10PM ET,ATL,6.64
RP,Chris O'Grady (11121251),Chris O'Grady,11121251,P,4100,ATL@MIA 08/23/2018 07:10PM ET,MIA,1.89
RP,Elieser Hernandez (11121252),Elieser Hernandez,11121252,P,4100,ATL@MIA 08/23/2018 07:10PM ET,MIA,3.86
OF,Phillip Ervin (11120951),Phillip Ervin,11120951,OF,4000,CIN@CHC 08/23/2018 08:05PM ET,CIN,5.68
RP,Pedro Strop (11121257),Pedro Strop,11121257,P,4000,CIN@CHC 08/23/2018 08:05PM ET,CHC,3.26
RP,Fernando Rodriguez Jr. (11121259),Fernando Rodriguez Jr.,11121259,P,4000,CIN@CHC 08/23/2018 08:05PM ET,CHC,0
RP,Brandon Kintzler (11121260),Brandon Kintzler,11121260,P,4000,CIN@CHC 08/23/2018 08:05PM ET,CHC,1.91
RP,Brian Duensing (11121264),Brian Duensing,11121264,P,4000,CIN@CHC 08/23/2018 08:05PM ET,CHC,0.90
RP,David Hernandez (11121266),David Hernandez,11121266,P,4000,CIN@CHC 08/23/2018 08:05PM ET,CIN,3.94
RP,Brandon Morrow (11121268),Brandon Morrow,11121268,P,4000,CIN@CHC 08/23/2018 08:05PM ET,CHC,2.87
RP,Jared Hughes (11121271),Jared Hughes,11121271,P,4000,CIN@CHC 08/23/2018 08:05PM ET,CIN,3.35
RP,Steve Cishek (11121273),Steve Cishek,11121273,P,4000,CIN@CHC 08/23/2018 08:05PM ET,CHC,3.49
SP,Vance Worley (11121277),Vance Worley,11121277,P,4000,CIN@CHC 08/23/2018 08:05PM ET,CIN,0
RP,Justin Wilson (11121279),Justin Wilson,11121279,P,4000,CIN@CHC 08/23/2018 08:05PM ET,CHC,3.09
RP,Anthony Bass (11121280),Anthony Bass,11121280,P,4000,CIN@CHC 08/23/2018 08:05PM ET,CHC,2.49
RP,Michael Lorenzen (11121298),Michael Lorenzen,11121298,P,4000,CIN@CHC 08/23/2018 08:05PM ET,CIN,2.70
RP,Wandy Peralta (11121300),Wandy Peralta,11121300,P,4000,CIN@CHC 08/23/2018 08:05PM ET,CIN,1.23
RP,Randy Rosario (11121305),Randy Rosario,11121305,P,4000,CIN@CHC 08/23/2018 08:05PM ET,CHC,2.97
RP,Justin Hancock (11121307),Justin Hancock,11121307,P,4000,CIN@CHC 08/23/2018 08:05PM ET,CHC,3.74
RP,Carl Edwards Jr. (11121312),Carl Edwards Jr.,11121312,P,4000,CIN@CHC 08/23/2018 08:05PM ET,CHC,3.85
SP,Duane Underwood Jr. (11121318),Duane Underwood Jr.,11121318,P,4000,CIN@CHC 08/23/2018 08:05PM ET,CHC,10
SP,Adbert Alzolay (11121324),Adbert Alzolay,11121324,P,4000,CIN@CHC 08/23/2018 08:05PM ET,CHC,0
SP,Oscar De La Cruz (11121325),Oscar De La Cruz,11121325,P,4000,CIN@CHC 08/23/2018 08:05PM ET,CHC,0
SP,Jake Stinnett (11121333),Jake Stinnett,11121333,P,4000,CIN@CHC 08/23/2018 08:05PM ET,CHC,0
SP,Thomas Hatch (11121334),Thomas Hatch,11121334,P,4000,CIN@CHC 08/23/2018 08:05PM ET,CHC,0
SP,Daniel Wright (11121335),Daniel Wright,11121335,P,4000,CIN@CHC 08/23/2018 08:05PM ET,CIN,0
SP,Nick Howard (11121339),Nick Howard,11121339,P,4000,CIN@CHC 08/23/2018 08:05PM ET,CIN,0
RP,Raisel Iglesias (11121347),Raisel Iglesias,11121347,P,4000,CIN@CHC 08/23/2018 08:05PM ET,CIN,3.81
SP,Tony Santillan (11121350),Tony Santillan,11121350,P,4000,CIN@CHC 08/23/2018 08:05PM ET,CIN,0
SP,Brendon Little (11121353),Brendon Little,11121353,P,4000,CIN@CHC 08/23/2018 08:05PM ET,CHC,0
SP,Jose Albertos (11121361),Jose Albertos,11121361,P,4000,CIN@CHC 08/23/2018 08:05PM ET,CHC,0
SP,Vladimir Gutierrez (11121362),Vladimir Gutierrez,11121362,P,4000,CIN@CHC 08/23/2018 08:05PM ET,CIN,0
SP,Hunter Greene (11121363),Hunter Greene,11121363,P,4000,CIN@CHC 08/23/2018 08:05PM ET,CIN,0
SP,Alex Lange (11121365),Alex Lange,11121365,P,4000,CIN@CHC 08/23/2018 08:05PM ET,CHC,0
OF,Tommy Pham (11120947),Tommy Pham,11120947,OF,4000,KC@TB 08/23/2018 07:10PM ET,TB,7.36
OF,Mallex Smith (11120948),Mallex Smith,11120948,OF,4000,KC@TB 08/23/2018 07:10PM ET,TB,7.09
RP,Sergio Romo (11121263),Sergio Romo,11121263,P,4000,KC@TB 08/23/2018 07:10PM ET,TB,2.89
RP,Chaz Roe (11121265),Chaz Roe,11121265,P,4000,KC@TB 08/23/2018 07:10PM ET,TB,2.79
RP,Wily Peralta (11121267),Wily Peralta,11121267,P,4000,KC@TB 08/23/2018 07:10PM ET,KC,2.59
RP,Evan Scribner (11121276),Evan Scribner,11121276,P,4000,KC@TB 08/23/2018 07:10PM ET,TB,0
RP,Ryan Weber (11121281),Ryan Weber,11121281,P,4000,KC@TB 08/23/2018 07:10PM ET,TB,1.6
RP,Brian Flynn (11121283),Brian Flynn,11121283,P,4000,KC@TB 08/23/2018 07:10PM ET,KC,3.03
RP,Brandon Maurer (11121284),Brandon Maurer,11121284,P,4000,KC@TB 08/23/2018 07:10PM ET,KC,0.83
RP,Vidal Nuno (11121290),Vidal Nuno,11121290,P,4000,KC@TB 08/23/2018 07:10PM ET,TB,8.69
RP,Adam Kolarek (11121299),Adam Kolarek,11121299,P,4000,KC@TB 08/23/2018 07:10PM ET,TB,2.41
SP,Kyle Zimmer (11121314),Kyle Zimmer,11121314,P,4000,KC@TB 08/23/2018 07:10PM ET,KC,0
RP,Jose Alvarado (11121317),Jose Alvarado,11121317,P,4000,KC@TB 08/23/2018 07:10PM ET,TB,3.13
RP,Jake Newberry (11121322),Jake Newberry,11121322,P,4000,KC@TB 08/23/2018 07:10PM ET,KC,7.95
RP,Kevin McCarthy (11121331),Kevin McCarthy,11121331,P,4000,KC@TB 08/23/2018 07:10PM ET,KC,2.53
RP,Chih-Wei Hu (11121336),Chih-Wei Hu,11121336,P,4000,KC@TB 08/23/2018 07:10PM ET,TB,7.9
RP,Diego Castillo (11121338),Diego Castillo,11121338,P,4000,KC@TB 08/23/2018 07:10PM ET,TB,3.84
SP,Foster Griffin (11121341),Foster Griffin,11121341,P,4000,KC@TB 08/23/2018 07:10PM ET,KC,0
SP,Scott Blewett (11121342),Scott Blewett,11121342,P,4000,KC@TB 08/23/2018 07:10PM ET,KC,0
SP,Trevor Oaks (11121343),Trevor Oaks,11121343,P,4000,KC@TB 08/23/2018 07:10PM ET,KC,3.14
RP,Tim Hill (11121345),Tim Hill,11121345,P,4000,KC@TB 08/23/2018 07:10PM ET,KC,1.52
SP,Nolan Watson (11121349),Nolan Watson,11121349,P,4000,KC@TB 08/23/2018 07:10PM ET,KC,0
SP,Austin Franklin (11121358),Austin Franklin,11121358,P,4000,KC@TB 08/23/2018 07:10PM ET,TB,0
SP,Richard Lovelady (11121360),Richard Lovelady,11121360,P,4000,KC@TB 08/23/2018 07:10PM ET,KC,0
1B/3B,Miguel Sano (11120956),Miguel Sano,11120956,1B/3B,4000,OAK@MIN 08/23/2018 08:10PM ET,MIN,7.27
RP,Fernando Rodney (11121253),Fernando Rodney,11121253,P,4000,OAK@MIN 08/23/2018 08:10PM ET,OAK,3.18
RP,Chris Smith (11121254),Chris Smith,11121254,P,4000,OAK@MIN 08/23/2018 08:10PM ET,OAK,0
RP,Matt Belisle (11121256),Matt Belisle,11121256,P,4000,OAK@MIN 08/23/2018 08:10PM ET,MIN,1.25
RP,Yusmeiro Petit (11121258),Yusmeiro Petit,11121258,P,4000,OAK@MIN 08/23/2018 08:10PM ET,OAK,3.64
RP,Ryan Buchter (11121269),Ryan Buchter,11121269,P,4000,OAK@MIN 08/23/2018 08:10PM ET,OAK,2.43
RP,Shawn Kelley (11121272),Shawn Kelley,11121272,P,4000,OAK@MIN 08/23/2018 08:10PM ET,OAK,2.87
RP,Trevor May (11121278),Trevor May,11121278,P,4000,OAK@MIN 08/23/2018 08:10PM ET,MIN,4.64
RP,Jeurys Familia (11121286),Jeurys Familia,11121286,P,4000,OAK@MIN 08/23/2018 08:10PM ET,OAK,3.77
RP,Matt Magill (11121287),Matt Magill,11121287,P,4000,OAK@MIN 08/23/2018 08:10PM ET,MIN,4.19
RP,Oliver Drake (11121288),Oliver Drake,11121288,P,4000,OAK@MIN 08/23/2018 08:10PM ET,MIN,2.73
RP,Zack Jones (11121289),Zack Jones,11121289,P,4000,OAK@MIN 08/23/2018 08:10PM ET,MIN,0
RP,Taylor Rogers (11121291),Taylor Rogers,11121291,P,4000,OAK@MIN 08/23/2018 08:10PM ET,MIN,2.93
RP,Josh Lucas (11121292),Josh Lucas,11121292,P,4000,OAK@MIN 08/23/2018 08:10PM ET,OAK,3.08
SP,Raul Alcantara (11121294),Raul Alcantara,11121294,P,4000,OAK@MIN 08/23/2018 08:10PM ET,OAK,0
RP,Addison Reed (11121297),Addison Reed,11121297,P,4000,OAK@MIN 08/23/2018 08:10PM ET,MIN,2.11
RP,Myles Jaye (11121301),Myles Jaye,11121301,P,4000,OAK@MIN 08/23/2018 08:10PM ET,MIN,0
RP,Blake Treinen (11121302),Blake Treinen,11121302,P,4000,OAK@MIN 08/23/2018 08:10PM ET,OAK,5.52
SP,Felix Jorge (11121306),Felix Jorge,11121306,P,4000,OAK@MIN 08/23/2018 08:10PM ET,MIN,0
RP,Tyler Duffey (11121315),Tyler Duffey,11121315,P,4000,OAK@MIN 08/23/2018 08:10PM ET,MIN,2.99
RP,Gabriel Moya (11121320),Gabriel Moya,11121320,P,4000,OAK@MIN 08/23/2018 08:10PM ET,MIN,3.68
RP,Emilio Pagan (11121326),Emilio Pagan,11121326,P,4000,OAK@MIN 08/23/2018 08:10PM ET,OAK,3.43
SP,Zack Littell (11121328),Zack Littell,11121328,P,4000,OAK@MIN 08/23/2018 08:10PM ET,MIN,-6.45
RP,Lou Trivino (11121329),Lou Trivino,11121329,P,4000,OAK@MIN 08/23/2018 08:10PM ET,OAK,4.52
RP,Alan Busenitz (11121332),Alan Busenitz,11121332,P,4000,OAK@MIN 08/23/2018 08:10PM ET,MIN,3.67
SP,Norge Ruiz (11121337),Norge Ruiz,11121337,P,4000,OAK@MIN 08/23/2018 08:10PM ET,OAK,0
RP,Trevor Hildenberger (11121344),Trevor Hildenberger,11121344,P,4000,OAK@MIN 08/23/2018 08:10PM ET,MIN,2.64
SP,Dakota Chalmers (11121352),Dakota Chalmers,11121352,P,4000,OAK@MIN 08/23/2018 08:10PM ET,OAK,0
SP,Jesus Luzardo (11121359),Jesus Luzardo,11121359,P,4000,OAK@MIN 08/23/2018 08:10PM ET,OAK,0
3B/SS,Johan Camargo (11120949),Johan Camargo,11120949,3B/SS,4000,ATL@MIA 08/23/2018 07:10PM ET,ATL,6.91
2B,Starlin Castro (11120953),Starlin Castro,11120953,2B,4000,ATL@MIA 08/23/2018 07:10PM ET,MIA,7.15
RP,Peter Moylan (11121255),Peter Moylan,11121255,P,4000,ATL@MIA 08/23/2018 07:10PM ET,ATL,1.30
RP,Javy Guerra (11121261),Javy Guerra,11121261,P,4000,ATL@MIA 08/23/2018 07:10PM ET,MIA,2.28
RP,Jonny Venters (11121262),Jonny Venters,11121262,P,4000,ATL@MIA 08/23/2018 07:10PM ET,ATL,2.20
RP,Darren O'Day (11121270),Darren O'Day,11121270,P,4000,ATL@MIA 08/23/2018 07:10PM ET,ATL,3.4
RP,Sam Freeman (11121274),Sam Freeman,11121274,P,4000,ATL@MIA 08/23/2018 07:10PM ET,ATL,1.98
RP,Chad Bell (11121275),Chad Bell,11121275,P,4000,ATL@MIA 08/23/2018 07:10PM ET,ATL,2.3
RP,Brad Brach (11121282),Brad Brach,11121282,P,4000,ATL@MIA 08/23/2018 07:10PM ET,ATL,2.30
RP,Arodys Vizcaino (11121285),Arodys Vizcaino,11121285,P,4000,ATL@MIA 08/23/2018 07:10PM ET,ATL,3.46
RP,Jose Ramirez (11121293),Jose Ramirez,11121293,P,4000,ATL@MIA 08/23/2018 07:10PM ET,ATL,-1.02
RP,Luke Jackson (11121295),Luke Jackson,11121295,P,4000,ATL@MIA 08/23/2018 07:10PM ET,ATL,3.94
RP,Jesse Biddle (11121296),Jesse Biddle,11121296,P,4000,ATL@MIA 08/23/2018 07:10PM ET,ATL,3.82
RP,Tayron Guerrero (11121303),Tayron Guerrero,11121303,P,4000,ATL@MIA 08/23/2018 07:10PM ET,MIA,2.76
RP,Severino Gonzalez (11121304),Severino Gonzalez,11121304,P,4000,ATL@MIA 08/23/2018 07:10PM ET,MIA,0
RP,Drew Rucinski (11121308),Drew Rucinski,11121308,P,4000,ATL@MIA 08/23/2018 07:10PM ET,MIA,3.63
RP,Jacob Lindgren (11121309),Jacob Lindgren,11121309,P,4000,ATL@MIA 08/23/2018 07:10PM ET,ATL,0
RP,Brett Graves (11121310),Brett Graves,11121310,P,4000,ATL@MIA 08/23/2018 07:10PM ET,MIA,1.8
RP,Kyle Barraclough (11121311),Kyle Barraclough,11121311,P,4000,ATL@MIA 08/23/2018 07:10PM ET,MIA,2.61
RP,Drew Steckenrider (11121313),Drew Steckenrider,11121313,P,4000,ATL@MIA 08/23/2018 07:10PM ET,MIA,3.10
RP,Nick Wittgren (11121316),Nick Wittgren,11121316,P,4000,ATL@MIA 08/23/2018 07:10PM ET,MIA,2.67
RP,Brian Ellington (11121319),Brian Ellington,11121319,P,4000,ATL@MIA 08/23/2018 07:10PM ET,MIA,0
SP,Brett Lilek (11121321),Brett Lilek,11121321,P,4000,ATL@MIA 08/23/2018 07:10PM ET,MIA,0
RP,A.J. Minter (11121323),A.J. Minter,11121323,P,4000,ATL@MIA 08/23/2018 07:10PM ET,ATL,3.12
RP,Shane Carle (11121327),Shane Carle,11121327,P,4000,ATL@MIA 08/23/2018 07:10PM ET,ATL,3.22
RP,Tyler Kinley (11121330),Tyler Kinley,11121330,P,4000,ATL@MIA 08/23/2018 07:10PM ET,MIA,-2.58
RP,Chad Sobotka (11121340),Chad Sobotka,11121340,P,4000,ATL@MIA 08/23/2018 07:10PM ET,ATL,5.58
SP,Ricardo Sanchez (11121346),Ricardo Sanchez,11121346,P,4000,ATL@MIA 08/23/2018 07:10PM ET,ATL,0
SP,Kyle Wright (11121348),Kyle Wright,11121348,P,4000,ATL@MIA 08/23/2018 07:10PM ET,ATL,0
SP,Nick Neidert (11121351),Nick Neidert,11121351,P,4000,ATL@MIA 08/23/2018 07:10PM ET,MIA,0
SP,Ian Anderson (11121354),Ian Anderson,11121354,P,4000,ATL@MIA 08/23/2018 07:10PM ET,ATL,0
SP,Braxton Garrett (11121355),Braxton Garrett,11121355,P,4000,ATL@MIA 08/23/2018 07:10PM ET,MIA,0
SP,Joey Wentz (11121356),Joey Wentz,11121356,P,4000,ATL@MIA 08/23/2018 07:10PM ET,ATL,0
SP,Bryse Wilson (11121357),Bryse Wilson,11121357,P,4000,ATL@MIA 08/23/2018 07:10PM ET,ATL,21.65
RP,Trevor Rogers (11121364),Trevor Rogers,11121364,P,4000,ATL@MIA 08/23/2018 07:10PM ET,MIA,0
OF,Jesse Winker (11120960),Jesse Winker,11120960,OF,3900,CIN@CHC 08/23/2018 08:05PM ET,CIN,6.71
C,Salvador Perez (11120963),Salvador Perez,11120963,C,3900,KC@TB 08/23/2018 07:10PM ET,KC,6.90
OF,Stephen Piscotty (11120955),Stephen Piscotty,11120955,OF,3900,OAK@MIN 08/23/2018 08:10PM ET,OAK,6.97
1B,Tyler Austin (11120958),Tyler Austin,11120958,1B,3900,OAK@MIN 08/23/2018 08:10PM ET,MIN,7.70
OF,Max Kepler (11120959),Max Kepler,11120959,OF,3900,OAK@MIN 08/23/2018 08:10PM ET,MIN,6.86
SS,Jorge Polanco (11120965),Jorge Polanco,11120965,SS,3900,OAK@MIN 08/23/2018 08:10PM ET,MIN,7.64
OF,Ender Inciarte (11120954),Ender Inciarte,11120954,OF,3900,ATL@MIA 08/23/2018 07:10PM ET,ATL,7.23
OF,Jason Heyward (11120962),Jason Heyward,11120962,OF,3800,CIN@CHC 08/23/2018 08:05PM ET,CHC,6.65
OF,Ian Happ (11120968),Ian Happ,11120968,OF,3800,CIN@CHC 08/23/2018 08:05PM ET,CHC,5.88
OF,Brian Goodwin (11120964),Brian Goodwin,11120964,OF,3800,KC@TB 08/23/2018 07:10PM ET,KC,3.55
2B/SS,Adalberto Mondesi (11120966),Adalberto Mondesi,11120966,2B/SS,3800,KC@TB 08/23/2018 07:10PM ET,KC,7.32
1B,Joe Mauer (11120952),Joe Mauer,11120952,1B,3800,OAK@MIN 08/23/2018 08:10PM ET,MIN,6.66
OF,Nick Martini (11120969),Nick Martini,11120969,OF,3800,OAK@MIN 08/23/2018 08:10PM ET,OAK,5.06
C,Kurt Suzuki (11120961),Kurt Suzuki,11120961,C,3800,ATL@MIA 08/23/2018 07:10PM ET,ATL,6.49
OF,Billy Hamilton (11120971),Billy Hamilton,11120971,OF,3700,CIN@CHC 08/23/2018 08:05PM ET,CIN,6.24
OF,Scott Schebler (11120974),Scott Schebler,11120974,OF,3700,CIN@CHC 08/23/2018 08:05PM ET,CIN,7.51
OF,Albert Almora Jr. (11120975),Albert Almora Jr.,11120975,OF,3700,CIN@CHC 08/23/2018 08:05PM ET,CHC,5.42
1B,Ji-Man Choi (11120973),Ji-Man Choi,11120973,1B,3700,KC@TB 08/23/2018 07:10PM ET,TB,6.11
OF,Mark Canha (11120972),Mark Canha,11120972,OF,3700,OAK@MIN 08/23/2018 08:10PM ET,OAK,6.28
OF,Derek Dietrich (11120970),Derek Dietrich,11120970,OF,3700,ATL@MIA 08/23/2018 07:10PM ET,MIA,6.59
C,Tucker Barnhart (11120976),Tucker Barnhart,11120976,C,3600,CIN@CHC 08/23/2018 08:05PM ET,CIN,5.86
2B/OF,Dilson Herrera (11120977),Dilson Herrera,11120977,2B/OF,3600,CIN@CHC 08/23/2018 08:05PM ET,CIN,3.03
3B,David Bote (11120983),David Bote,11120983,3B,3600,CIN@CHC 08/23/2018 08:05PM ET,CHC,5.95
OF,Brett Phillips (11120979),Brett Phillips,11120979,OF,3600,KC@TB 08/23/2018 07:10PM ET,KC,3.82
1B/OF,Jake Bauers (11120980),Jake Bauers,11120980,1B/OF,3600,KC@TB 08/23/2018 07:10PM ET,TB,7.44
OF,Dustin Fowler (11120982),Dustin Fowler,11120982,OF,3600,OAK@MIN 08/23/2018 08:10PM ET,OAK,5.22
C,Willson Contreras (11120992),Willson Contreras,11120992,C,3500,CIN@CHC 08/23/2018 08:05PM ET,CHC,6.80
1B,Lucas Duda (11120985),Lucas Duda,11120985,1B,3500,KC@TB 08/23/2018 07:10PM ET,KC,6.33
1B,Ryan O'Hearn (11120991),Ryan O'Hearn,11120991,1B,3500,KC@TB 08/23/2018 07:10PM ET,KC,8
OF,Ramon Laureano (11120984),Ramon Laureano,11120984,OF,3500,OAK@MIN 08/23/2018 08:10PM ET,OAK,5.93
C,Mitch Garver (11120988),Mitch Garver,11120988,C,3500,OAK@MIN 08/23/2018 08:10PM ET,MIN,5.34
OF,Rafael Ortega (11120986),Rafael Ortega,11120986,OF,3500,ATL@MIA 08/23/2018 07:10PM ET,MIA,8.42
3B/OF,Brian Anderson (11120989),Brian Anderson,11120989,3B/OF,3500,ATL@MIA 08/23/2018 07:10PM ET,MIA,7.22
C,Curt Casali (11120987),Curt Casali,11120987,C,3400,CIN@CHC 08/23/2018 08:05PM ET,CIN,5.59
SS,Addison Russell (11121018),Addison Russell,11121018,SS,3400,CIN@CHC 08/23/2018 08:05PM ET,CHC,5.83
OF,Jorge Bonifacio (11120994),Jorge Bonifacio,11120994,OF,3400,KC@TB 08/23/2018 07:10PM ET,KC,5.80
OF,Kevin Kiermaier (11120996),Kevin Kiermaier,11120996,OF,3400,KC@TB 08/23/2018 07:10PM ET,TB,6.19
3B,Matt Duffy (11121004),Matt Duffy,11121004,3B,3400,KC@TB 08/23/2018 07:10PM ET,TB,6.57
OF,Matt Joyce (11120993),Matt Joyce,11120993,OF,3400,OAK@MIN 08/23/2018 08:10PM ET,OAK,5.27
2B/OF,Chad Pinder (11121020),Chad Pinder,11121020,2B/OF,3400,OAK@MIN 08/23/2018 08:10PM ET,OAK,5.35
OF,Adam Duvall (11120995),Adam Duvall,11120995,OF,3400,ATL@MIA 08/23/2018 07:10PM ET,ATL,5.48
OF,Austin Dean (11120997),Austin Dean,11120997,OF,3400,ATL@MIA 08/23/2018 07:10PM ET,MIA,10.17
1B/OF,Garrett Cooper (11121005),Garrett Cooper,11121005,1B/OF,3400,ATL@MIA 08/23/2018 07:10PM ET,MIA,2.93
1B/OF,Taylor Motter (11121002),Taylor Motter,11121002,1B/OF,3300,OAK@MIN 08/23/2018 08:10PM ET,MIN,2.53
OF,Isaac Galloway (11120998),Isaac Galloway,11120998,OF,3300,ATL@MIA 08/23/2018 07:10PM ET,MIA,4
SS,JT Riddle (11121001),JT Riddle,11121001,SS,3300,ATL@MIA 08/23/2018 07:10PM ET,MIA,5.03
C,Tyler Flowers (11121009),Tyler Flowers,11121009,C,3300,ATL@MIA 08/23/2018 07:10PM ET,ATL,5.71
OF,Mason Williams (11121012),Mason Williams,11121012,OF,3200,CIN@CHC 08/23/2018 08:05PM ET,CIN,4.74
OF,Aristides Aquino (11121013),Aristides Aquino,11121013,OF,3200,CIN@CHC 08/23/2018 08:05PM ET,CIN,0
1B/C,Victor Caratini (11121036),Victor Caratini,11121036,C/1B,3200,CIN@CHC 08/23/2018 08:05PM ET,CHC,3.39
OF,Carlos Gomez (11121007),Carlos Gomez,11121007,OF,3200,KC@TB 08/23/2018 07:10PM ET,TB,5.72
OF,Alex Gordon (11121008),Alex Gordon,11121008,OF,3200,KC@TB 08/23/2018 07:10PM ET,KC,5.68
2B/SS,Daniel Robertson (11121016),Daniel Robertson,11121016,2B/SS,3200,KC@TB 08/23/2018 07:10PM ET,TB,6.81
OF,Jorge Soler (11121019),Jorge Soler,11121019,OF,3200,KC@TB 08/23/2018 07:10PM ET,KC,7.62
OF,Robbie Grossman (11121010),Robbie Grossman,11121010,OF,3200,OAK@MIN 08/23/2018 08:10PM ET,MIN,5.19
C,Josh Phegley (11121011),Josh Phegley,11121011,C,3200,OAK@MIN 08/23/2018 08:10PM ET,OAK,5.17
OF,Jake Cave (11121014),Jake Cave,11121014,OF,3200,OAK@MIN 08/23/2018 08:10PM ET,MIN,5.86
OF,Johnny Field (11121015),Johnny Field,11121015,OF,3200,OAK@MIN 08/23/2018 08:10PM ET,MIN,4.01
2B,Franklin Barreto (11121022),Franklin Barreto,11121022,2B,3200,OAK@MIN 08/23/2018 08:10PM ET,OAK,5.52
3B/SS,Miguel Rojas (11120999),Miguel Rojas,11120999,3B/SS,3200,ATL@MIA 08/23/2018 07:10PM ET,MIA,5.25
C,Tim Federowicz (11121024),Tim Federowicz,11121024,C,3100,CIN@CHC 08/23/2018 08:05PM ET,CIN,4.1
OF,Preston Tucker (11121028),Preston Tucker,11121028,OF,3100,CIN@CHC 08/23/2018 08:05PM ET,CIN,3.67
1B,Logan Morrison (11121023),Logan Morrison,11121023,1B,3100,OAK@MIN 08/23/2018 08:10PM ET,MIN,5.82
1B,Kennys Vargas (11121025),Kennys Vargas,11121025,1B,3100,OAK@MIN 08/23/2018 08:10PM ET,MIN,0
2B/3B,Willians Astudillo (11121026),Willians Astudillo,11121026,2B/3B,3100,OAK@MIN 08/23/2018 08:10PM ET,MIN,3.5
OF,Byron Buxton (11121029),Byron Buxton,11121029,OF,3100,OAK@MIN 08/23/2018 08:10PM ET,MIN,3.75
2B/3B,Logan Forsythe (11121045),Logan Forsythe,11121045,2B/3B,3100,OAK@MIN 08/23/2018 08:10PM ET,MIN,4.51
OF,Magneuris Sierra (11121030),Magneuris Sierra,11121030,OF,3100,ATL@MIA 08/23/2018 07:10PM ET,MIA,2.88
OF,Ben Revere (11121032),Ben Revere,11121032,OF,3000,CIN@CHC 08/23/2018 08:05PM ET,CIN,0
3B,Nick Senzel (11121039),Nick Senzel,11121039,3B,3000,CIN@CHC 08/23/2018 08:05PM ET,CIN,0
C,Michael Perez (11121031),Michael Perez,11121031,C,3000,KC@TB 08/23/2018 07:10PM ET,TB,4.95
OF,Zack Granite (11121038),Zack Granite,11121038,OF,3000,OAK@MIN 08/23/2018 08:10PM ET,MIN,0
OF,Lane Adams (11121033),Lane Adams,11121033,OF,3000,ATL@MIA 08/23/2018 07:10PM ET,ATL,3
OF,Michael Reed (11121034),Michael Reed,11121034,OF,3000,ATL@MIA 08/23/2018 07:10PM ET,ATL,1.33
3B,Rio Ruiz (11121035),Rio Ruiz,11121035,3B,3000,ATL@MIA 08/23/2018 07:10PM ET,ATL,0
OF,Taylor Trammell (11121052),Taylor Trammell,11121052,OF,2900,CIN@CHC 08/23/2018 08:05PM ET,CIN,0
1B/OF,Brandon Dixon (11121060),Brandon Dixon,11121060,1B/OF,2900,CIN@CHC 08/23/2018 08:05PM ET,CIN,2.16
2B/OF,Brandon Lowe (11121040),Brandon Lowe,11121040,2B/OF,2900,KC@TB 08/23/2018 07:10PM ET,TB,3.18
SS,Alcides Escobar (11121043),Alcides Escobar,11121043,SS,2900,KC@TB 08/23/2018 07:10PM ET,KC,4.77
C,Jonathan Lucroy (11121044),Jonathan Lucroy,11121044,C,2900,OAK@MIN 08/23/2018 08:10PM ET,OAK,5.07
SS,Ehire Adrianza (11121047),Ehire Adrianza,11121047,SS,2900,OAK@MIN 08/23/2018 08:10PM ET,MIN,4.83
SS,Jorge Mateo (11121049),Jorge Mateo,11121049,SS,2900,OAK@MIN 08/23/2018 08:10PM ET,OAK,0
3B,Martin Prado (11121042),Martin Prado,11121042,3B,2900,ATL@MIA 08/23/2018 07:10PM ET,MIA,4.81
2B,Christopher Bostick (11121048),Christopher Bostick,11121048,2B,2900,ATL@MIA 08/23/2018 07:10PM ET,MIA,2.25
OF,Lewis Brinson (11121050),Lewis Brinson,11121050,OF,2900,ATL@MIA 08/23/2018 07:10PM ET,MIA,4.87
3B,Austin Riley (11121051),Austin Riley,11121051,3B,2900,ATL@MIA 08/23/2018 07:10PM ET,ATL,0
OF,Mark Zagunis (11121062),Mark Zagunis,11121062,OF,2800,CIN@CHC 08/23/2018 08:05PM ET,CHC,2.4
C,Adam Moore (11121054),Adam Moore,11121054,C,2800,KC@TB 08/23/2018 07:10PM ET,TB,2.5
OF,Rosell Herrera (11121057),Rosell Herrera,11121057,OF,2800,KC@TB 08/23/2018 07:10PM ET,KC,4.46
1B/3B,Hunter Dozier (11121058),Hunter Dozier,11121058,1B/3B,2800,KC@TB 08/23/2018 07:10PM ET,KC,4.87
SS,Erick Aybar (11121053),Erick Aybar,11121053,SS,2800,OAK@MIN 08/23/2018 08:10PM ET,MIN,0
OF,Danny Santana (11121055),Danny Santana,11121055,OF,2800,ATL@MIA 08/23/2018 07:10PM ET,ATL,3.07
C,Bryan Holaday (11121056),Bryan Holaday,11121056,C,2800,ATL@MIA 08/23/2018 07:10PM ET,MIA,3.1
OF,Monte Harrison (11121063),Monte Harrison,11121063,OF,2800,ATL@MIA 08/23/2018 07:10PM ET,MIA,0
2B/3B,Tommy La Stella (11121071),Tommy La Stella,11121071,2B/3B,2700,CIN@CHC 08/23/2018 08:05PM ET,CHC,2.31
C,Jesus Sucre (11121065),Jesus Sucre,11121065,C,2700,KC@TB 08/23/2018 07:10PM ET,TB,2.92
OF,Bubba Starling (11121070),Bubba Starling,11121070,OF,2700,KC@TB 08/23/2018 07:10PM ET,KC,0
2B,Micah Johnson (11121073),Micah Johnson,11121073,2B,2700,KC@TB 08/23/2018 07:10PM ET,TB,0
2B/3B,Christian Arroyo (11121074),Christian Arroyo,11121074,2B/3B,2700,KC@TB 08/23/2018 07:10PM ET,TB,4.6
C,Bobby Wilson (11121064),Bobby Wilson,11121064,C,2700,OAK@MIN 08/23/2018 08:10PM ET,MIN,3.87
OF,Jaff Decker (11121066),Jaff Decker,11121066,OF,2700,ATL@MIA 08/23/2018 07:10PM ET,ATL,0
2B,Johnny Giavotella (11121067),Johnny Giavotella,11121067,2B,2700,ATL@MIA 08/23/2018 07:10PM ET,MIA,0
1B,Tomas Telis (11121068),Tomas Telis,11121068,1B,2700,ATL@MIA 08/23/2018 07:10PM ET,MIA,1.30
C,Rob Brantly (11121069),Rob Brantly,11121069,C,2700,ATL@MIA 08/23/2018 07:10PM ET,ATL,0
1B/OF,Efren Navarro (11121082),Efren Navarro,11121082,1B/OF,2600,CIN@CHC 08/23/2018 08:05PM ET,CHC,0.75
2B,Jemile Weeks (11121085),Jemile Weeks,11121085,2B,2600,CIN@CHC 08/23/2018 08:05PM ET,CHC,0
C,Drew Butera (11121079),Drew Butera,11121079,C,2600,KC@TB 08/23/2018 07:10PM ET,KC,3.8
OF,Paulo Orlando (11121080),Paulo Orlando,11121080,OF,2600,KC@TB 08/23/2018 07:10PM ET,KC,3.16
OF,Abraham Almonte (11121081),Abraham Almonte,11121081,OF,2600,KC@TB 08/23/2018 07:10PM ET,KC,3.86
3B/OF,Cody Asche (11121088),Cody Asche,11121088,3B/OF,2600,KC@TB 08/23/2018 07:10PM ET,KC,0
1B/3B,Cheslor Cuthbert (11121092),Cheslor Cuthbert,11121092,1B/3B,2600,KC@TB 08/23/2018 07:10PM ET,KC,4.9
OF,Tyler Collins (11121096),Tyler Collins,11121096,OF,2600,KC@TB 08/23/2018 07:10PM ET,KC,0
2B/SS,Gregorio Petit (11121077),Gregorio Petit,11121077,2B/SS,2600,OAK@MIN 08/23/2018 08:10PM ET,MIN,4.08
C,Jason Castro (11121084),Jason Castro,11121084,C,2600,OAK@MIN 08/23/2018 08:10PM ET,MIN,3.90
1B,Brock Stassi (11121087),Brock Stassi,11121087,1B,2600,OAK@MIN 08/23/2018 08:10PM ET,MIN,0
2B,Taylor Featherston (11121095),Taylor Featherston,11121095,2B,2600,OAK@MIN 08/23/2018 08:10PM ET,MIN,0
OF,Boog Powell (11121097),Boog Powell,11121097,OF,2600,OAK@MIN 08/23/2018 08:10PM ET,OAK,4.57
C,Sean Murphy (11121100),Sean Murphy,11121100,C,2600,OAK@MIN 08/23/2018 08:10PM ET,OAK,0
C,Chris Stewart (11121076),Chris Stewart,11121076,C,2600,ATL@MIA 08/23/2018 07:10PM ET,ATL,4.6
3B,Ryan Flaherty (11121086),Ryan Flaherty,11121086,3B,2600,ATL@MIA 08/23/2018 07:10PM ET,ATL,3.16
3B/SS,Yadiel Rivera (11121090),Yadiel Rivera,11121090,3B/SS,2600,ATL@MIA 08/23/2018 07:10PM ET,MIA,1.80
C,Chad Wallach (11121094),Chad Wallach,11121094,C,2600,ATL@MIA 08/23/2018 07:10PM ET,MIA,2.67
SS,Tyler Smith (11121098),Tyler Smith,11121098,SS,2600,ATL@MIA 08/23/2018 07:10PM ET,ATL,0
OF,Braxton Lee (11121099),Braxton Lee,11121099,OF,2600,ATL@MIA 08/23/2018 07:10PM ET,MIA,1.88
C,Tony Cruz (11121101),Tony Cruz,11121101,C,2500,CIN@CHC 08/23/2018 08:05PM ET,CIN,3.22
OF/SS,Mike Freeman (11121103),Mike Freeman,11121103,SS/OF,2500,CIN@CHC 08/23/2018 08:05PM ET,CHC,0
OF,Jacob Hannemann (11121107),Jacob Hannemann,11121107,OF,2500,CIN@CHC 08/23/2018 08:05PM ET,CHC,0
2B/3B,Alex Blandino (11121108),Alex Blandino,11121108,2B/3B,2500,CIN@CHC 08/23/2018 08:05PM ET,CIN,2.65
2B/3B,Ramon Torres (11121105),Ramon Torres,11121105,2B/3B,2500,KC@TB 08/23/2018 07:10PM ET,KC,3.22
2B,Max Schrock (11121110),Max Schrock,11121110,2B,2500,OAK@MIN 08/23/2018 08:10PM ET,OAK,0
OF,JB Shuck (11121102),JB Shuck,11121102,OF,2500,ATL@MIA 08/23/2018 07:10PM ET,MIA,2.09
1B/C,Taylor Davis (11121112),Taylor Davis,11121112,C/1B,2400,CIN@CHC 08/23/2018 08:05PM ET,CHC,0
C,Stuart Turner (11121114),Stuart Turner,11121114,C,2400,CIN@CHC 08/23/2018 08:05PM ET,CIN,0
3B,Brandon Snyder (11121111),Brandon Snyder,11121111,3B,2400,KC@TB 08/23/2018 07:10PM ET,TB,2.5
OF,Seuly Matias (11121115),Seuly Matias,11121115,OF,2400,KC@TB 08/23/2018 07:10PM ET,KC,0
OF,Rob Refsnyder (11121124),Rob Refsnyder,11121124,OF,2300,KC@TB 08/23/2018 07:10PM ET,TB,3.2
OF,Jesus Sanchez (11121125),Jesus Sanchez,11121125,OF,2300,KC@TB 08/23/2018 07:10PM ET,TB,0
2B/OF,Steve Lombardozzi (11121119),Steve Lombardozzi,11121119,2B/OF,2300,OAK@MIN 08/23/2018 08:10PM ET,OAK,0
2B/SS,Christian Colon (11121116),Christian Colon,11121116,2B/SS,2300,ATL@MIA 08/23/2018 07:10PM ET,ATL,0
OF,Ezequiel Carrera (11121118),Ezequiel Carrera,11121118,OF,2300,ATL@MIA 08/23/2018 07:10PM ET,ATL,0
2B/SS,Cristhian Adames (11121121),Cristhian Adames,11121121,2B/SS,2300,ATL@MIA 08/23/2018 07:10PM ET,MIA,0
3B,Phil Gosselin (11121123),Phil Gosselin,11121123,3B,2300,ATL@MIA 08/23/2018 07:10PM ET,ATL,1.9
SS,Aramis Ademan (11121133),Aramis Ademan,11121133,SS,2200,CIN@CHC 08/23/2018 08:05PM ET,CHC,0
1B,Brendan McKay (11121131),Brendan McKay,11121131,1B,2200,KC@TB 08/23/2018 07:10PM ET,TB,0
OF,Garrett Whitley (11121132),Garrett Whitley,11121132,OF,2200,KC@TB 08/23/2018 07:10PM ET,TB,0
OF,Khalil Lee (11121134),Khalil Lee,11121134,OF,2200,KC@TB 08/23/2018 07:10PM ET,KC,0
1B,Nick Pratto (11121137),Nick Pratto,11121137,1B,2200,KC@TB 08/23/2018 07:10PM ET,KC,0
C,Bruce Maxwell (11121130),Bruce Maxwell,11121130,C,2200,OAK@MIN 08/23/2018 08:10PM ET,OAK,3.94
OF,Lazaro Armenteros (11121135),Lazaro Armenteros,11121135,OF,2200,OAK@MIN 08/23/2018 08:10PM ET,OAK,0
OF,Austin Beck (11121136),Austin Beck,11121136,OF,2200,OAK@MIN 08/23/2018 08:10PM ET,OAK,0
1B/OF,Scott Van Slyke (11121126),Scott Van Slyke,11121126,1B/OF,2200,ATL@MIA 08/23/2018 07:10PM ET,MIA,0
2B/SS,Grant Green (11121128),Grant Green,11121128,2B/SS,2200,ATL@MIA 08/23/2018 07:10PM ET,MIA,0
C,Chris Gimenez (11121138),Chris Gimenez,11121138,C,2100,CIN@CHC 08/23/2018 08:05PM ET,CHC,2.25
3B/OF,Patrick Kivlehan (11121143),Patrick Kivlehan,11121143,3B/OF,2100,CIN@CHC 08/23/2018 08:05PM ET,CIN,0
C,Cam Gallagher (11121142),Cam Gallagher,11121142,C,2100,KC@TB 08/23/2018 07:10PM ET,KC,3.62
OF,Chris Heisey (11121139),Chris Heisey,11121139,OF,2100,OAK@MIN 08/23/2018 08:10PM ET,MIN,0
OF,Jake Smolinski (11121140),Jake Smolinski,11121140,OF,2100,OAK@MIN 08/23/2018 08:10PM ET,OAK,1.95
C,Juan Graterol (11121141),Juan Graterol,11121141,C,2100,OAK@MIN 08/23/2018 08:10PM ET,MIN,3
SS,Wander Javier (11121145),Wander Javier,11121145,SS,2100,OAK@MIN 08/23/2018 08:10PM ET,MIN,0
OF,Alex Kirilloff (11121146),Alex Kirilloff,11121146,OF,2100,OAK@MIN 08/23/2018 08:10PM ET,MIN,0
SS,Royce Lewis (11121147),Royce Lewis,11121147,SS,2100,OAK@MIN 08/23/2018 08:10PM ET,MIN,0
